code,name,lat,lon,routes,remarks,src
ATECA,ATECA,38.658333,-8.622500,A975 UN975 UZ218,FRA I,IFR
MAGUM,MAGUM,39.167500,-8.392500,G52 W7 UN745 UN870 UP600 UZ7 UZ218,FRA I,IFR
ALAGU,ALAGU,38.088611,-7.614444,W13 A44 Z222 UL14 UM744 UZ222,FRA I AD LPFR,IFR
BIRBA,BIRBA,39.105556,-7.511944,A975 UN873 UN975 UZ15 UZ222,FRA I,IFR
ROSAL,ROSAL,38.021389,-7.101389,A44 Z227 UM744 UZ227,MADRID LISBOA FIR BDRY,IFR
EXONA,EXONA,38.904444,-8.016667,Z227 UZ227,Holding Pattern,IFR
ELVAR,ELVAR,39.219444,-7.223333,A975 Z219 UL14 UN975 UN979 UZ219,below FL245,IFR
MOMAS,MOMAS,39.319167,-8.016667,Z219 UN870 UZ219,FRA I,IFR
BUSEN,BUSEN,38.545000,-10.000000,A44 UM744 UN870 UZ21 UZ22,FRA I,IFR
LIGRA,LIGRA,38.000000,-9.590833,G52 UN872,FRA I AD LPPT,IFR
NAKOS,NAKOS,38.000000,-9.334444,W8 UZ4,FRA I AD LPPT,IFR
EVURA,EVURA,38.665000,-7.918611,R72 UN726 UN873,FRA I D LPFR,IFR
DIGAL,DIGAL,39.740833,-7.989722,UN726 UZ218 UZ222,FRA I,IFR
CANAR,CANAR,41.385833,-7.469722,A43 G41 UL155 UN872,FRA I,IFR
BELDU,BELDU,41.358611,-7.777222,A43 UL155,FRA I D LPPR,IFR
MAPOR,MAPOR,41.614167,-8.058333,G414,FRA I,IFR
MANIK,MANIK,40.691944,-8.616111,A5 UP600,FRA I D LPPR,IFR
LULAS,LULAS,40.899722,-9.281111,,FRA I,IFR
ABETO,ABETO,40.429722,-8.056389,UN726 UN872,FRA I,IFR
ABLEG,ABLEG,40.722778,-8.431111,,FRA I A LPPR,IFR
ABRAT,ABRAT,39.821667,-7.654167,UN745,FRA I,IFR
ABRIL,ABRIL,40.396111,-8.580278,,NIL,IFR
ABUPI,ABUPI,41.751111,-7.236111,UN872,Madrid/Lisboa,IFR
ADINO,ADINO,40.017778,-6.373611,,LECM FIR,IFR
ADORO,ADORO,41.483056,-6.280000,A43 UL155,FIR BDRY,IFR
ADSAD,ADSAD,38.478056,-8.981111,,Lisboa TMA Holding,IFR
AGADO,AGADO,41.872778,-8.926667,UN729,Madrid/Lisboa FIR BDRY,IFR
AIREZ,AIREZ,39.454722,-8.666111,,FRA I,IFR
AKABO,AKABO,41.321944,-8.700833,,FRA I,IFR
AKULU,AKULU,40.984167,-8.611944,,Holding Pattern,IFR
ALAMA,ALAMA,39.223333,-8.550000,,FRA I,IFR
ARDID,ARDID,41.173333,-6.282222,,LECM FIR,IFR
ARNIT,ARNIT,38.990833,-8.959444,,FRA I,IFR
ASMOV,ASMOV,40.969444,-9.346944,,FRA I AD LPPR,IFR
ASPOR,ASPOR,41.815278,-8.081111,UT3,FRA E A LPPR,IFR
BABEX,BABEX,41.040278,-7.083889,UN976 UZ15 UZ218,FRA I,IFR
BABOV,BABOV,39.876389,-6.873611,,FRA I,IFR
BALNO,BALNO,41.730556,-6.981667,,Madrid Lisboa FIR,IFR
BARDI,BARDI,40.583611,-6.302500,,FIR BDRY,IFR
BAROK,BAROK,35.800000,-10.006667,W8 UN873 UZ4 UZ218,FIR BDRY,IFR
BATAX,BATAX,41.700556,-6.621944,UZ218,FIR BDRY,IFR
BEVOP,BEVOP,37.599167,-9.387500,,FRA ID LPPT,IFR
BOMKO,BOMKO,38.953611,-9.043611,,Lisboa TMA,IFR
CASLU,CASLU,38.540000,-9.810000,,Holding Pattern,IFR
CEFOX,CEFOX,38.551667,-9.402778,,NIL,IFR
COCUN,COCUN,39.026667,-9.068611,,FRA I,IFR
DEKKI,DEKKI,38.963056,-8.695556,,Holding Pattern,IFR
DEKUS,DEKUS,38.015278,-10.000000,UN745,NIL,IFR
DIKMO,DIKMO,40.723333,-7.885833,,NIL,IFR
DIKUV,DIKUV,36.181667,-12.750556,,Madeira contingency,IFR
DIRMA,DIRMA,40.851667,-9.500833,B47 G414 UM191 UZ23 UZ25 UZ28 UZ29,FRA I,IFR
DIVUT,DIVUT,41.028611,-8.325833,,Holding Pattern,IFR
DUZOP,DUZOP,37.669722,-8.651667,,FRA ID LPPT LPCS,IFR
EKLID,EKLID,39.142500,-9.263611,,Holding Pattern,IFR
EKMAR,EKMAR,38.557500,-9.521389,Y207,Holding Pattern,IFR
EKPER,EKPER,38.423056,-10.000000,,FRA I,IFR
ELDUK,ELDUK,37.811111,-7.940556,R72 UN726,FRA I,IFR
ELGIX,ELGIX,41.521111,-7.673056,,FRA I A LPPR,IFR
ELNUB,ELNUB,39.082222,-10.671111,,FRA ID LPPT,IFR
EMPAD,EMPAD,38.895556,-9.055278,,FRA I,IFR
ERNIL,ERNIL,38.498056,-9.529722,,FRA I,IFR
ERTIS,ERTIS,37.416667,-7.614722,Z222 UZ222 Y105,FRA I,IFR
ERUKU,ERUKU,38.792500,-8.983056,,Lisboa TMA,IFR
ESEBI,ESEBI,39.403056,-8.666389,,FRA IA LPPT,IFR
ESUTI,ESUTI,37.860000,-10.430278,,Holding Pattern,IFR
ETAKA,ETAKA,41.789167,-7.730000,,FIR BDRY,IFR
EVPAP,EVPAP,39.152500,-8.793889,,NIL,IFR
FADEF,FADEF,39.195556,-8.913056,,NIL,IFR
FERFE,FERFE,39.058611,-10.005833,,FRA I,IFR
FUSSI,FUSSI,39.210833,-8.904722,,,IFR
GAIOS,GAIOS,38.275556,-8.543056,A44,FRA I,IFR
ABALO,ABALO,32.331111,-18.130278,UM190 UQ11 UZ220 Z220,FRA (EX): ODD/EVEN FL LISBOA / SANTA MARIA FIR BDRY,AIP ENR 4.4 AIRAC 001-26
ABONU,ABONU,38.597500,-28.007222,,"NIL / SANTA MARIA TMA, EXIT SID LPPI",AIP ENR 4.4 AIRAC 001-26
ABUSU,ABUSU,32.866944,-16.635556,,"FRA (I) / MADEIRA TMA, FRA (D): LPPS / Holding Pattern, MADEIRA CONTINGENCY",AIP ENR 4.4 AIRAC 001-26
ADILI,ADILI,35.966667,-9.572778,,NIL / LISBOA / CASABLANCA FIR BDRY,AIP ENR 4.4 AIRAC 001-26
ADNOV,ADNOV,41.518333,-8.753056,,FRA (I) / Holding Pattern,AIP ENR 4.4 AIRAC 001-26
ADSOL,ADSOL,37.958611,-26.076667,,NIL / NIL,AIP ENR 4.4 AIRAC 001-26
AKUDA,AKUDA,35.966667,-8.950000,UN858 UZ1 W13,FRA (E): EVEN / NORTHBOUND LISBOA / CASABLANCA FIR BDRY,AIP ENR 4.4 AIRAC 001-26
ALCRO,ALCRO,39.705000,-30.846111,,NIL/ SANTA MARIA TMA EXIT SID LPCR,AIP ENR 4.4 AIRAC 001-26
AMIXI,AMIXI,37.478333,-25.510000,H100,"NIL / SANTA MARIA TMA ENTRY STAR LPAZ, LPPD",AIP ENR 4.4 AIRAC 001-26
AMSEL,AMSEL,35.966667,-7.883333,R72 UP600,FRA (E): EVEN FL / NORTHBOUND FRA (X): ODD FL / SOUTHBOUND (NOT TO BE USED IF DESTINATION GCCC) LISBOA / CASABLANCA FIR BDRY,AIP ENR 4.4 AIRAC 001-26
AMZIC,AMZIC,32.349444,-16.068333,,NIL / MADEIRA CONTINGENCY,AIP ENR 4.4 AIRAC 001-26
ANAVA,ANAVA,39.899444,-25.408889,H122,NIL / NIL,AIP ENR 4.4 AIRAC 001-26
APAZI,APAZI,37.492500,-25.751944,,"NIL / SANTA MARIA TMA, EXIT SID LPPD",AIP ENR 4.4 AIRAC 001-26
ARMED,ARMED,42.500000,-14.000000,T12 UZ29,FRA (EX): ODD / EVEN FL LISBOA / SANTA MARIA FIR BDRY,AIP ENR 4.4 AIRAC 001-26
ASGAM,ASGAM,35.000000,-12.711667,,FRA (X): ODD FL / EASTBOUND FRA (E): EVEN FL / WESTBOUND LISBOA / CASABLANCA FIR BDRY,AIP ENR 4.4 AIRAC 001-26
ASMAR,ASMAR,39.372500,-11.595556,R1 T12UN741 UN981 UZ8,FRA (I) / NIL,AIP ENR 4.4 AIRAC 001-26
ASPEX,ASPEX,38.319722,-28.158056,H101,"NIL / SANTA MARIA TMA, ENTRY STAR LPHR",AIP ENR 4.4 AIRAC 001-26
BAMUX,BAMUX,23.221667,-26.541389,,NIL / SANTA MARIA / SAL FIR BDRY,AIP ENR 4.4 AIRAC 001-26
BANAL,BANAL,42.000000,-15.000000,UZ28 22-JAN-2026 ATS route or other route 3,"FRA (EX): ODD / EVEN FL LISBOA / SANTA MARIA FIR BDRY © NAV Portugal, E.P.E. ENR 4.4 - 3 22-JAN-2026 Remarks / Usage Legend for FRA Relevance: (E) Horizontal entry point; (X) Horizontal exit point; (I) Intermediate point; (A) Arrival connecting point; (D) Departure connection point. 4",AIP ENR 4.4 AIRAC 001-26
BANIX,BANIX,38.405556,-28.113056,H114,NIL / NIL,AIP ENR 4.4 AIRAC 001-26
BAVAS,BAVAS,39.000000,-23.678333,H112 H121,"NIL / SANTA MARIA TMA EXIT SID, ENTRY STAR LPPD",AIP ENR 4.4 AIRAC 001-26
BEKUN,BEKUN,37.948333,-23.234722,H102 H111,"NIL / SANTA MARIA TMA EXIT SID LPAZ, LPPD ENTRY STAR LPAZ, LPPD",AIP ENR 4.4 AIRAC 001-26
BEXAL,BEXAL,35.966667,-11.448333,G52 UN872 UZ18 UZ223,FRA (X): ODD FL / SOUTHBOUND AND EASTBOUND FRA (E): EVEN FL / NORTHBOUND AND WESTBOUND LISBOA / CASABLANCA FIR BDRY,AIP ENR 4.4 AIRAC 001-26
BIGPI,BIGPI,31.951944,-17.248889,,NIL / MADEIRA CONTINGENCY,AIP ENR 4.4 AIRAC 001-26
BIMBO,BIMBO,31.421389,-16.032778,B18 UN729 UN745 UN981 UZ9,FRA (E) FRA (A): LPMA CANARIAS / LISBOA FIR BDRY,AIP ENR 4.4 AIRAC 001-26
BUNUB,BUNUB,38.913889,-29.117778,,"NIL / SANTA MARIA TMA, ENTRY STAR LPPI, ENTRY STAR LPSJ",AIP ENR 4.4 AIRAC 001-26
BURAG,BURAG,31.853889,-16.114167,,NIL / MADEIRA CONTINGENCY,AIP ENR 4.4 AIRAC 001-26
CAZIS,CAZIS,39.368611,-30.228611,,"NIL / SANTA MARIA TMA, ENTRY STAR LPCR, ENTRY STAR LPFL",AIP ENR 4.4 AIRAC 001-26
CENIC,CENIC,36.768333,-24.602778,,"NIL / SANTA MARIA TMA, ENTRY STAR LPAZ",AIP ENR 4.4 AIRAC 001-26
CIDLO,CIDLO,38.189172,-26.738456,H115,NIL / NIL,AIP ENR 4.4 AIRAC 001-26
CUDLY,CUDLY,38.533333,-26.840556,,NIL / NIL,AIP ENR 4.4 AIRAC 001-26
DEGUN,DEGUN,33.418611,-15.658333,UQ11 UZ11 UZ13 UZ225,FRA (I) FRA (D): LPMA LPPS,AIP ENR 4.4 AIRAC 001-26
DEMOS,DEMOS,41.925833,-9.361944,R1 UN728 UN741,FRA (X): EVEN FL FRA (E): ODD FL MADRID / LISBOA FIR BDRY,AIP ENR 4.4 AIRAC 001-26
DEMZO,DEMZO,33.230000,-17.257778,,NIL / MADEIRA CONTINGENCY,AIP ENR 4.4 AIRAC 001-26
DETOX,DETOX,41.000000,-15.000000,UM191,FRA (EX): ODD / EVEN FL LISBOA / SANTA MARIA FIR BDRY,AIP ENR 4.4 AIRAC 001-26
DEVAN,DEVAN,38.841111,-27.394722,,NIL / LPLA Holding Pattern,AIP ENR 4.4 AIRAC 001-26
DIDIT,DIDIT,41.320000,-11.571667,UZ28,FRA (I) / NIL,AIP ENR 4.4 AIRAC 001-26
DOKAS,DOKAS,37.232500,-23.364444,H103,"NIL / SANTA MARIA TMA EXIT SID, ENTRY STAR LPAZ",AIP ENR 4.4 AIRAC 001-26
DOLER,DOLER,39.268056,-26.380000,H122,"NIL / SANTA MARIA TMA EXIT SID, LPLA",AIP ENR 4.4 AIRAC 001-26
DONOC,DONOC,33.223889,-16.355833,,NIL / NIL,AIP ENR 4.4 AIRAC 001-26
DOZIV,DOZIV,37.506389,-25.567500,,"NIL / SANTA MARIA TMA, EXIT SID LPAZ, LPPD Holding Pattern",AIP ENR 4.4 AIRAC 001-26
ECLAR,ECLAR,39.313889,-30.960833,,"NIL / SANTA MARIA TMA, EXIT SID LPCR",AIP ENR 4.4 AIRAC 001-26
EKNOT,EKNOT,32.176389,-16.295833,,FRA (I) FRA (A): LPPS LPMA,AIP ENR 4.4 AIRAC 001-26
EKNUT,EKNUT,20.744722,-39.246944,,NIL SANTA MARIA / PIARCO FIR BDRY,AIP ENR 4.4 AIRAC 001-26
EKROL,EKROL,42.000000,-15.583333,T16,NIL / NIL,AIP ENR 4.4 AIRAC 001-26
ELBEN,ELBEN,38.702778,-28.270000,H115,NIL / NIL,AIP ENR 4.4 AIRAC 001-26
ELBIM,ELBIM,33.108056,-17.117500,,NIL / MADEIRA CONTINGENCY,AIP ENR 4.4 AIRAC 001-26
ELGEK,ELGEK,40.833333,-10.833333,,FRA (I) / NIL,AIP ENR 4.4 AIRAC 001-26
EPAKA,EPAKA,33.731111,-16.125000,,NIL / MADEIRA CONTINGENCY,AIP ENR 4.4 AIRAC 001-26
EPODI,EPODI,38.922778,-27.259722,,NIL / NIL,AIP ENR 4.4 AIRAC 001-26
EPOPO,EPOPO,41.936944,-10.203611,,FRA (I) / NIL,AIP ENR 4.4 AIRAC 001-26
ERANO,ERANO,38.179444,-28.316667,,NIL / ENTRY STAR LPHR,AIP ENR 4.4 AIRAC 001-26
ERNEK,ERNEK,20.428333,-31.720556,,NIL / SANTA MARIA / SAL FIR BDRY,AIP ENR 4.4 AIRAC 001-26
ERPES,ERPES,40.000000,-15.000000,UZ22 UZ25,FRA (EX): ODD / EVEN FL LISBOA / SANTA MARIA FIR BDRY,AIP ENR 4.4 AIRAC 001-26
ETROX,ETROX,36.402500,-24.024444,H104,"NIL / SANTA MARIA TMA, EXIT SID AND ENTRY STAR LPAZ, ENTRY STAR LPPD",AIP ENR 4.4 AIRAC 001-26
EVGOT,EVGOT,32.917778,-16.343889,,NIL / NIL,AIP ENR 4.4 AIRAC 001-26
EXFUN,EXFUN,38.691111,-10.000000,,FRA (I) / NIL,AIP ENR 4.4 AIRAC 001-26
EXODO,EXODO,33.757778,-16.319444,,NIL / MADEIRA CONTINGENCY,AIP ENR 4.4 AIRAC 001-26
FAGUT,FAGUT,32.109167,-16.471667,G851 UN975,FRA (I) FRA (D): LPPS,AIP ENR 4.4 AIRAC 001-26
FATAG,FATAG,38.698889,-29.103333,,"NIL / SANTA MARIA TMA, ENTRY STAR LPHR",AIP ENR 4.4 AIRAC 001-26
FUSUL,FUSUL,32.601389,-16.661944,,FRA (I) / Holding Pattern,AIP ENR 4.4 AIRAC 001-26
GALOZ,GALOZ,33.033611,-17.420556,,FRA (I) FRA (D): LPMA,AIP ENR 4.4 AIRAC 001-26
GALPA,GALPA,34.398056,-14.730278,UN728 UN745 UN975,FRA (I) / NIL,AIP ENR 4.4 AIRAC 001-26
GANBA,GANBA,41.273056,-9.062500,,FRA (I) / NIL,AIP ENR 4.4 AIRAC 001-26
GANSU,GANSU,38.000000,-9.817500,B18 UN975 UZ18,FRA (I) / Holding Pattern,AIP ENR 4.4 AIRAC 001-26
GATOH,GATOH,38.993611,-27.333333,NIL 22-JAN-2026 ATS route o other route 3,"NIL / Holding Pattern © NAV Portugal, E.P.E. ENR 4.4 - 7 22-JAN-2026 Remarks / Usage Legend for FRA Relevance: r (E) Horizontal entry point; (X) Horizontal exit point; (I) Intermediate point; (A) Arrival connecting point; (D) Departure connection point. 4",AIP ENR 4.4 AIRAC 001-26
GEBTI,GEBTI,36.972778,-7.675278,,FRA (I) / Holding Pattern,AIP ENR 4.4 AIRAC 001-26
GENRO,GENRO,37.193056,-7.614722,Y105 Y136,FRA (I) FRA (A): LPFR / Holding Pattern,AIP ENR 4.4 AIRAC 001-26
GIKAR,GIKAR,34.166111,-14.030000,UQ11 UZ9,FRA (I) / NIL,AIP ENR 4.4 AIRAC 001-26
GIMAL,GIMAL,36.764444,-8.005833,Y103,FRA (I) FRA (AD): LPFR / Holding Pattern,AIP ENR 4.4 AIRAC 001-26
GINSU,GINSU,36.292500,-27.647778,H105,"NIL / SANTA MARIA TMA, EXIT SID. ENTRY STAR LPAZ",AIP ENR 4.4 AIRAC 001-26
GIRIX,GIRIX,37.209444,-25.219722,,"NIL / SANTA MARIA TMA, Holding Pattern, EXIT SID LPPD",AIP ENR 4.4 AIRAC 001-26
GOBEG,GOBEG,29.000000,-25.000000,,NIL / CANARIAS / SANTA MARIA FIR BDRY,AIP ENR 4.4 AIRAC 001-26
GODGI,GODGI,38.424167,-9.185556,,FRA (I) / NIL,AIP ENR 4.4 AIRAC 001-26
GOMOS,GOMOS,37.013333,-30.057222,H106,"NIL / SANTA MARIA TMA, EXIT SID, ENTRY STAR LPAZ",AIP ENR 4.4 AIRAC 001-26
GONAN,GONAN,45.000000,-14.000000,T16,NIL / SANTA MARIA / SHANWICK FIR BDRY,AIP ENR 4.4 AIRAC 001-26
GORZI,GORZI,38.725278,-28.417778,,"NIL / SANTA MARIA TMA, EXIT SID LPPI, EXIT SID LPSJ",AIP ENR 4.4 AIRAC 001-26
GOSGA,GOSGA,32.082222,-16.631111,,FRA (I) FRA (D): LPMA,AIP ENR 4.4 AIRAC 001-26
GOXAS,GOXAS,38.611389,-27.864722,,"NIL / SANTA MARIA TMA, Holding Pattern",AIP ENR 4.4 AIRAC 001-26
GUDAV,GUDAV,38.650556,-8.583333,,FRA (I) / NIL,AIP ENR 4.4 AIRAC 001-26
GUNTI,GUNTI,39.000000,-15.000000,UZ21 UZ23 T25,FRA (EX):ODD / EVEN FL LISBOA / SANTA MARIA FIR BDRY,AIP ENR 4.4 AIRAC 001-26
GUWEX,GUWEX,37.596389,-8.018889,,FRA (I),AIP ENR 4.4 AIRAC 001-26
HIDRA,HIDRA,44.500000,-13.000000,,NIL / MADRID / SANTA MARIA FIR BDRY,AIP ENR 4.4 AIRAC 001-26
IBBAN,IBBAN,33.343056,-17.142222,,FRA (I) FRA (A): LPMA,AIP ENR 4.4 AIRAC 001-26
IBERO,IBERO,41.345556,-7.919722,A43 UL155,FRA (I) / NIL,AIP ENR 4.4 AIRAC 001-26
IBIDO,IBIDO,40.884722,-10.186667,UM191 UN728,FRA (I) / NIL,AIP ENR 4.4 AIRAC 001-26
IDBID,IDBID,39.278333,-8.016667,,FRA (I) / NIL,AIP ENR 4.4 AIRAC 001-26
IDLIP,IDLIP,37.013611,-7.975000,,FRA (I) / NIL,AIP ENR 4.4 AIRAC 001-26
IDREL,IDREL,34.341667,-16.291667,NIL AN-2026 Rem Leg ATS route or (E) other route exi Arr con 3,NIL / MADEIRA CONTINGENCY AIRAC 001-26 AIP PORTUGAL arks / Usage end for FRA Relevance: Horizontal entry point; (X) Horizontal t point; (I) Intermediate point; (A) ival connecting point; (D) Departure nection point. 4,AIP ENR 4.4 AIRAC 001-26
ILCAT,ILCAT,33.434167,-17.048333,W3 UL600,FRA (I) FRA (AD): LPPS,AIP ENR 4.4 AIRAC 001-26
IMILE,IMILE,38.783611,-27.113611,,NIL / NIL,AIP ENR 4.4 AIRAC 001-26
INBOM,INBOM,40.001944,-8.301944,UZ226 Z226,FRA (I) FRA (A): LPPT / Holding Pattern,AIP ENR 4.4 AIRAC 001-26
INBOX,INBOX,38.368333,-33.363611,H131,NIL / NIL,AIP ENR 4.4 AIRAC 001-26
INBUL,INBUL,38.495278,-30.000000,H131,NIL / NIL,AIP ENR 4.4 AIRAC 001-26
INKIT,INKIT,41.180278,-7.890833,,FRA (I) FRA (A): LPPR,AIP ENR 4.4 AIRAC 001-26
INLIB,INLIB,38.326667,-9.236111,,FRA (I) / NIL,AIP ENR 4.4 AIRAC 001-26
INPIR,INPIR,38.606667,-26.929167,,NIL / NIL,AIP ENR 4.4 AIRAC 001-26
INSAD,INSAD,28.000000,-25.000000,,NIL / CANARIAS / SANTA MARIA FIR BDRY,AIP ENR 4.4 AIRAC 001-26
IPSIK,IPSIK,39.564722,-7.914722,,NIL / NIL,AIP ENR 4.4 AIRAC 001-26
IPSIN,IPSIN,19.370556,-38.595556,,NIL / SANTA MARIA / PIARCO FIR BDRY,AIP ENR 4.4 AIRAC 001-26
IRDOP,IRDOP,38.969444,-27.541389,,"NIL /SANTA MARIA TMA, ENTRY STAR LPGR",AIP ENR 4.4 AIRAC 001-26
IRKID,IRKID,33.925000,-18.069167,UL600 W3,FRA (EX): ODD / EVEN FL FRA (D): LPMA LISBOA / SANTA MARIA FIR BDRY,AIP ENR 4.4 AIRAC 001-26
IRSAN,IRSAN,33.166667,-16.504444,,FRA (I) / NIL,AIP ENR 4.4 AIRAC 001-26
ITVIT,ITVIT,38.961389,-8.562222,,FRA (I) / Holding Pattern,AIP ENR 4.4 AIRAC 001-26
IXIDA,IXIDA,39.655000,-8.016667,,"FRA (I) FRA (D): LPPT, LPCS",AIP ENR 4.4 AIRAC 001-26
IXIKU,IXIKU,27.000000,-25.000000,,NIL / CANARIAS / SANTA MARIA FIR BDRY,AIP ENR 4.4 AIRAC 001-26
IXOLI,IXOLI,36.976389,-8.701667,,FRA (I) FRA (AD): LPFR,AIP ENR 4.4 AIRAC 001-26
IXUVA,IXUVA,41.184444,-9.852500,,FRA (I) / Holding Pattern,AIP ENR 4.4 AIRAC 001-26
IZENI,IZENI,38.140833,-11.039167,,FRA (I) / NIL,AIP ENR 4.4 AIRAC 001-26
JETAF,JETAF,37.672778,-25.479167,,"NIL / SANTA MARIA TMA, EXIT SID LPPD",AIP ENR 4.4 AIRAC 001-26
JUBNO,JUBNO,36.631944,-25.626111,,"NIL / SANTA MARIA TMA, ENTRY STAR LPAZ",AIP ENR 4.4 AIRAC 001-26
KEKOS,KEKOS,32.449167,-16.227222,B18 22-JAN-2026 Re Le ATS route or (E other route ex Ar co 3,"NIL / MADEIRA CONTINGENCY © NAV Portugal, E.P.E. ENR 4.4 - 9 22-JAN-2026 marks / Usage gend for FRA Relevance: ) Horizontal entry point; (X) Horizontal it point; (I) Intermediate point; (A) rival connecting point; (D) Departure nnection point. 4",AIP ENR 4.4 AIRAC 001-26
KELIK,KELIK,38.491944,-9.006389,,NIL / LISBOA TMA,AIP ENR 4.4 AIRAC 001-26
KETID,KETID,30.000000,-20.000000,,NIL / CANARIAS / SANTA MARIA FIR BDRY,AIP ENR 4.4 AIRAC 001-26
KICAS,KICAS,33.750556,-16.473333,,FRA (I) FRA (A): LPMA,AIP ENR 4.4 AIRAC 001-26
KIZEV,KIZEV,37.576944,-8.167778,,FRA (I),AIP ENR 4.4 AIRAC 001-26
KOGON,KOGON,38.999722,-27.323056,,NIL / NIL,AIP ENR 4.4 AIRAC 001-26
KOKER,KOKER,39.905833,-33.733889,H142,NIL / NIL,AIP ENR 4.4 AIRAC 001-26
KOLIT,KOLIT,40.548611,-33.389167,H141,NIL / NIL,AIP ENR 4.4 AIRAC 001-26
KOMUT,KOMUT,38.000000,-15.000000,UM744,FRA (EX): ODD / EVEN FL LISBOA / SANTA MARIA FIR BDRY,AIP ENR 4.4 AIRAC 001-26
KOPAS,KOPAS,44.000000,-13.000000,,NIL / MADRID / SANTA MARIA FIR BDRY,AIP ENR 4.4 AIRAC 001-26
KUXOV,KUXOV,26.000000,-25.000000,,NIL / CANARIAS / SANTA MARIA FIR BDRY,AIP ENR 4.4 AIRAC 001-26
LACTA,LACTA,38.991389,-27.336667,,NIL / NIL,AIP ENR 4.4 AIRAC 001-26
LADOX,LADOX,38.947222,-28.021111,H124,NIL / NIL,AIP ENR 4.4 AIRAC 001-26
LAMDI,LAMDI,39.205833,-10.965000,UN729,FRA (I) / NIL,AIP ENR 4.4 AIRAC 001-26
LAPPA,LAPPA,33.295833,-16.358611,,FRA (I) FRA (D): LPMA,AIP ENR 4.4 AIRAC 001-26
LAPTU,LAPTU,25.000000,-25.000000,,NIL / CANARIAS / SANTA MARIA FIR BDRY,AIP ENR 4.4 AIRAC 001-26
LASIB,LASIB,38.037500,-7.222778,UM744,"FRA (X): ODD FL FRA (E): EVEN FL TCP MADRID / LISBOA ACC, Above FL245",AIP ENR 4.4 AIRAC 001-26
LATRU,LATRU,37.000000,-10.000000,,FRA (I) / NIL,AIP ENR 4.4 AIRAC 001-26
LAVPA,LAVPA,41.003333,-9.129444,,FRA (I) / NIL,AIP ENR 4.4 AIRAC 001-26
LAZET,LAZET,38.923889,-10.671111,,"FRA (IA): LPPT, LPCS / Holding Pattern",AIP ENR 4.4 AIRAC 001-26
LEDBU,LEDBU,38.382500,-28.425556,,"NIL / SANTA MARIA TMA, EXIT SID LPHR, EXIT SID LPPI",AIP ENR 4.4 AIRAC 001-26
LEMGO,LEMGO,37.154444,-25.206667,,"NIL / SANTA MARIA TMA, EXIT SID LPAZ",AIP ENR 4.4 AIRAC 001-26
LENSI,LENSI,39.000000,-20.000000,T25 N-2026 ATS route or other route 3,NIL / NIL AIRAC 001-26 AIP PORTUGAL Remarks / Usage Legend for FRA Relevance: (E) Horizontal entry point; (X) Horizontal exit point; (I) Intermediate point; (A) Arrival connecting point; (D) Departure connection point. 4,AIP ENR 4.4 AIRAC 001-26
LEPRU,LEPRU,32.000000,-14.801111,,FRA (X): ODD FL / EASTBOUND FRA (E): EVEN FL / WESTBOUND LISBOA / CASABLANCA FIR BDRY,AIP ENR 4.4 AIRAC 001-26
LERLI,LERLI,39.215000,-9.036111,,FRA (I) / NIL,AIP ENR 4.4 AIRAC 001-26
LEVDA,LEVDA,37.712500,-25.603889,,"NIL / SANTA MARIA TMA, EXIT SID LPPD",AIP ENR 4.4 AIRAC 001-26
LIDRO,LIDRO,33.667500,-15.949722,R1 UN741 UZ14,FRA (I) FRA (A): LPMA,AIP ENR 4.4 AIRAC 001-26
LISGU,LISGU,38.887778,-9.162778,,FRA (I) / NIL,AIP ENR 4.4 AIRAC 001-26
LIZHA,LIZHA,38.523611,-27.062222,,NIL / LPLA Holding Pattern,AIP ENR 4.4 AIRAC 001-26
LUKAL,LUKAL,41.253056,-32.355833,H125,NIL / NIL,AIP ENR 4.4 AIRAC 001-26
LUKAN,LUKAN,33.474444,-14.931389,,NIL / MADEIRA CONTINGENCY,AIP ENR 4.4 AIRAC 001-26
LUKIT,LUKIT,40.196944,-30.000000,H125,NIL / NIL,AIP ENR 4.4 AIRAC 001-26
LUPOV,LUPOV,42.000000,-15.083333,T13,NIL / NIL,AIP ENR 4.4 AIRAC 001-26
LUTAK,LUTAK,37.000000,-15.000000,UN870,FRA (EX): ODD / EVEN FL LISBOA / SANTA MARIA FIR BDRY,AIP ENR 4.4 AIRAC 001-26
LUVUP,LUVUP,37.720278,-10.168611,,FRA (IA): LPPT / Holding Pattern,AIP ENR 4.4 AIRAC 001-26
LUXUT,LUXUT,37.999722,-9.026944,,FRA (I) / Holding Pattern,AIP ENR 4.4 AIRAC 001-26
MADAT,MADAT,32.161944,-17.085278,,NIL / MADEIRA CONTINGENCY,AIP ENR 4.4 AIRAC 001-26
MALIS,MALIS,41.855556,-7.604722,G414 UT5,NIL / LISBOA / MADRID FIR BDRY PORTO TMA,AIP ENR 4.4 AIRAC 001-26
MANEL,MANEL,38.650000,-8.947222,,FRA (I) / NIL,AIP ENR 4.4 AIRAC 001-26
MANOX,MANOX,36.194444,-15.390278,T13,FRA (EX): ODD / EVEN FL LISBOA / SANTA MARIA FIR BDRY,AIP ENR 4.4 AIRAC 001-26
MARCU,MARCU,32.851111,-16.341111,,NIL / NIL,AIP ENR 4.4 AIRAC 001-26
MARIM,MARIM,37.416667,-7.841111,W13,FRA (I) FRA (A): LPFR,AIP ENR 4.4 AIRAC 001-26
MARUM,MARUM,36.622222,-13.437778,UZ8,FRA (I) / NIL,AIP ENR 4.4 AIRAC 001-26
MASID,MASID,38.747500,-27.075833,,NIL / NIL,AIP ENR 4.4 AIRAC 001-26
MAZUK,MAZUK,38.593889,-9.554167,,FRA (I) / Holding Pattern,AIP ENR 4.4 AIRAC 001-26
MIGFO,MIGFO,38.347222,-9.365833,,NIL / NIL,AIP ENR 4.4 AIRAC 001-26
MIMBO,MIMBO,41.570833,-11.377222,UZ29,FRA (I) / NIL,AIP ENR 4.4 AIRAC 001-26
MINTA,MINTA,37.128889,-7.383333,R47 UN747,FRA (E): ODD FL FRA (X): EVEN FL MADRID / LISBOA FIR BDRY,AIP ENR 4.4 AIRAC 001-26
MIPRU,MIPRU,38.273611,-26.364722,H113,"NIL / SANTA MARIA TMA, EXIT SID LPLA, LPPD ENTRY STAR LPPD",AIP ENR 4.4 AIRAC 001-26
MONEC,MONEC,32.456389,-16.830278,,NIL / NIL,AIP ENR 4.4 AIRAC 001-26
MORAS,MORAS,39.163889,-8.018611,,FRA (I) / NIL,AIP ENR 4.4 AIRAC 001-26
MOSEN,MOSEN,41.786667,-6.560833,UZ218 H406 UZ406,NIL / MADRID / LISBOA FIR BDRY,AIP ENR 4.4 AIRAC 001-26
MUDOS,MUDOS,43.500000,-13.000000,,NIL / MADRID / SANTA MARIA FIR BDRY,AIP ENR 4.4 AIRAC 001-26
NADHI,NADHI,36.776667,-25.237500,,"NIL / SANTA MARIA TMA, EXIT SID LPPD",AIP ENR 4.4 AIRAC 001-26
NARBO,NARBO,42.139722,-8.228333,R72 UN726,NIL / MADRID / LISBOA FIR BDRY,AIP ENR 4.4 AIRAC 001-26
NARTA,NARTA,36.056389,-12.558056,B18 R47 UN745 UN747 UN975 UZ13 UZ14 UZ9,FRA (I),AIP ENR 4.4 AIRAC 001-26
NASAS,NASAS,36.325556,-12.973333,UN729,FRA (I) / NIL,AIP ENR 4.4 AIRAC 001-26
NATID,NATID,38.881667,-9.547778,,FRA (I) / Holding Pattern,AIP ENR 4.4 AIRAC 001-26
NAVIX,NAVIX,35.520556,-16.234444,T16 UZ225,FRA (EX): ODD / EVEN FL LISBOA / SANTA MARIA FIR BDRY,AIP ENR 4.4 AIRAC 001-26
NAVPO,NAVPO,37.621111,-25.316389,NIL AN-2026 Remarks Legend f ATS route or (E) Hori other route exit poi Arrival connecti 3,NIL / SANTA MARIA TMA AIRAC 001-26 AIP PORTUGAL / Usage or FRA Relevance: zontal entry point; (X) Horizontal nt; (I) Intermediate point; (A) connecting point; (D) Departure on point. 4,AIP ENR 4.4 AIRAC 001-26
NEGRI,NEGRI,38.878611,-13.404444,UZ21,FRA (I) / NIL,AIP ENR 4.4 AIRAC 001-26
NELSO,NELSO,31.683056,-17.456944,R1 UN741,FRA (X): ODD / EVEN FL CANARIAS / LISBOA / SANTA MARIA FIR BDRY,AIP ENR 4.4 AIRAC 001-26
NESDU,NESDU,39.051667,-28.262778,,"NIL / Holding Pattern, EXIT SID LPGR",AIP ENR 4.4 AIRAC 001-26
NETID,NETID,37.666389,-25.980278,,"NIL / SANTA MARIA TMA, EXIT SID LPAZ, LPPD",AIP ENR 4.4 AIRAC 001-26
NETOS,NETOS,41.307500,-6.277778,,NIL / NIL,AIP ENR 4.4 AIRAC 001-26
NETVO,NETVO,38.640000,-9.211389,,NIL / LISBOA TMA,AIP ENR 4.4 AIRAC 001-26
NEVUD,NEVUD,38.567778,-9.313611,,FRA (I) / NIL,AIP ENR 4.4 AIRAC 001-26
NEXUX,NEXUX,30.000000,-21.000000,,NIL / CANARIAS / SANTA MARIA FIR BDRY,AIP ENR 4.4 AIRAC 001-26
NIDOF,NIDOF,39.688333,-31.314167,,"NIL / SANTA MARIA TMA, EXIT SID LPFL",AIP ENR 4.4 AIRAC 001-26
NIDUL,NIDUL,32.365278,-17.353056,UZ220 Z220,FRA (I) FRA (AD): LPMA,AIP ENR 4.4 AIRAC 001-26
NILAV,NILAV,45.000000,-13.416667,T13,NIL / SANTA MARIA / SHANWICK FIR BDRY,AIP ENR 4.4 AIRAC 001-26
NILDA,NILDA,38.684167,-27.009722,,NIL / NIL,AIP ENR 4.4 AIRAC 001-26
NINOS,NINOS,41.129722,-6.777222,UN976,FRA (I) / MADRID UIR / LISBOA FIR BDRY,AIP ENR 4.4 AIRAC 001-26
NIPRI,NIPRI,33.000000,-14.123333,,FRA (X): ODD FL / EASTBOUND FRA (E): EVEN FL / WESTBOUND LISBOA / CASABLANCA FIR BDRY,AIP ENR 4.4 AIRAC 001-26
NIRAK,NIRAK,37.245833,-7.428611,Y136,MADRID / LISBOA FIR BDRY,AIP ENR 4.4 AIRAC 001-26
NITEZ,NITEZ,37.136111,-25.762222,,"NIL / SANTA MARIA TMA, ENTRY STAR LPAZ",AIP ENR 4.4 AIRAC 001-26
NOJAK,NOJAK,38.436111,-28.814444,,"NIL / SANTA MARIA TMA, EXIT SID LPHR, EXIT SID LPPI",AIP ENR 4.4 AIRAC 001-26
NOKSO,NOKSO,37.083889,-8.946389,,FRA (I) / Holding Pattern,AIP ENR 4.4 AIRAC 001-26
NORCA,NORCA,37.280556,-24.676944,,NIL / SANTA MARIA TMA ENTRY STAR LPAZ,AIP ENR 4.4 AIRAC 001-26
NOTMA,NOTMA,38.812500,-28.056111,H153,"NIL / SANTA MARIA TMA EXIT SID, ENTRY STAR LPHR",AIP ENR 4.4 AIRAC 001-26
NUMGI,NUMGI,18.463889,-38.172778,,NIL / SANTA MARIA / PIARCO FIR BDRY,AIP ENR 4.4 AIRAC 001-26
OBESA,OBESA,36.657222,-14.245833,UM190 22-JAN-2026 ATS route o other route 3,"FRA (I) / NIL © NAV Portugal, E.P.E. ENR 4.4 - 13 22-JAN-2026 Remarks / Usage Legend for FRA Relevance: r (E) Horizontal entry point; (X) Horizontal exit point; (I) Intermediate point; (A) Arrival connecting point; (D) Departure connection point. 4",AIP ENR 4.4 AIRAC 001-26
OBOLO,OBOLO,36.531389,-8.132500,UL14 UN858,FRA (I) / NIL,AIP ENR 4.4 AIRAC 001-26
OBOMO,OBOMO,22.720833,-27.505556,,NIL / SANTA MARIA FIR BDRY / SAL FIR,AIP ENR 4.4 AIRAC 001-26
OBUDA,OBUDA,39.113611,-31.032778,,"NIL / SANTA MARIA TMA, Holding Pattern",AIP ENR 4.4 AIRAC 001-26
ODAKI,ODAKI,38.504444,-26.823056,,NIL / LPLA Holding Pattern,AIP ENR 4.4 AIRAC 001-26
ODEMI,ODEMI,37.497500,-8.383889,A5 Y101,FRA (I) FRA (AD): LPFR,AIP ENR 4.4 AIRAC 001-26
ODITU,ODITU,38.451111,-27.970278,,"NIL / SANTA MARIA TMA, EXIT SID LPPI. EXIT SID LPSJ",AIP ENR 4.4 AIRAC 001-26
ODLIX,ODLIX,38.678889,-9.317222,Y207,FRA (I) / NIL,AIP ENR 4.4 AIRAC 001-26
ODPAK,ODPAK,38.128333,-7.926667,A44 R72 UM744 UN726 UN979 UZ7 UZ15,FRA (I) / NIL,AIP ENR 4.4 AIRAC 001-26
OGDOR,OGDOR,34.000000,-13.427222,,FRA (X): ODD FL / EASTBOUND FRA (E): EVEN FL / WESTBOUND LISBOA / CASABLANCA FIR BDRY,AIP ENR 4.4 AIRAC 001-26
OGERO,OGERO,39.801667,-6.400556,,"FRA (X): EVEN FL LECM FIR TCP MADRID / LISBOA ACC, Above FL245",AIP ENR 4.4 AIRAC 001-26
OKARI,OKARI,36.448611,-8.159167,,FRA (I) FRA (D): LPFR,AIP ENR 4.4 AIRAC 001-26
OKNIB,OKNIB,38.702222,-9.178611,,NIL / NIL,AIP ENR 4.4 AIRAC 001-26
OLBOD,OLBOD,38.143889,-10.671111,,FRA (ID): LPPT,AIP ENR 4.4 AIRAC 001-26
OLDEK,OLDEK,38.315556,-28.439167,,NIL / NIL,AIP ENR 4.4 AIRAC 001-26
OLGAR,OLGAR,39.183333,-7.936389,B60 R72,FRA (I) / NIL,AIP ENR 4.4 AIRAC 001-26
OMOBI,OMOBI,37.890556,-24.812778,,"NIL / SANTA MARIA TMA, ENTRY STAR LPPD",AIP ENR 4.4 AIRAC 001-26
ONICA,ONICA,38.374167,-28.360000,,"NIL / SANTA MARIA TMA, EXIT SID LPHR",AIP ENR 4.4 AIRAC 001-26
ORPIC,ORPIC,38.587222,-28.111944,,NIL / SANTA MARIA TMA,AIP ENR 4.4 AIRAC 001-26
ORSOS,ORSOS,39.000000,-10.208889,UZ9,FRA (I) / NIL,AIP ENR 4.4 AIRAC 001-26
ORTIS,ORTIS,31.406944,-16.556944,G851 UN728 UN975 UP47 UZ8,FRA (X) FRA (D): LPMA CANARIAS / LISBOA FIR BDRY,AIP ENR 4.4 AIRAC 001-26
ORTOP,ORTOP,36.026667,-7.383333,A5 UN726,FRA (X): ODD FL FRA (E): EVEN FL BDRY FIR MADRID / LISBOA,AIP ENR 4.4 AIRAC 001-26
ORTUG,ORTUG,38.403889,-8.996111,NIL N-2026 Remarks / Legend fo ATS route or (E) Horiz other route exit poin Arrival c connectio 3,FRA (I) / Holding Pattern AIRAC 001-26 AIP PORTUGAL Usage r FRA Relevance: ontal entry point; (X) Horizontal t; (I) Intermediate point; (A) onnecting point; (D) Departure n point. 4,AIP ENR 4.4 AIRAC 001-26
ORVED,ORVED,39.383333,-7.651944,,"FRA (ID): LPPT, LPCS",AIP ENR 4.4 AIRAC 001-26
OSDAP,OSDAP,38.494444,-27.846389,,"NIL / SANTA MARIA TMA, EXIT SID LPSJ.",AIP ENR 4.4 AIRAC 001-26
OSLAD,OSLAD,35.966667,-8.314167,R724 UL14,FRA (X): ODD FL / SOUTHBOUND FRA (E): EVEN FL / NORTHBOUND LISBOA / CASABLANCA FIR BDRY,AIP ENR 4.4 AIRAC 001-26
OSLEV,OSLEV,30.000000,-22.000000,,NIL / CANARIAS / SANTA MARIA FIR BDRY,AIP ENR 4.4 AIRAC 001-26
OTREG,OTREG,41.273056,-8.687778,,FRA (I) / NIL,AIP ENR 4.4 AIRAC 001-26
OTZIL,OTZIL,33.090278,-16.350556,,FRA (I) / NIL,AIP ENR 4.4 AIRAC 001-26
OXFIN,OXFIN,38.574444,-9.300556,,NIL / NIL,AIP ENR 4.4 AIRAC 001-26
PARAV,PARAV,40.947500,-11.856667,UM191,FRA (I) / NIL,AIP ENR 4.4 AIRAC 001-26
PASAS,PASAS,45.000000,-13.000000,,NIL / MADRID / SHANWICK / SANTA MARIA FIR BDRY,AIP ENR 4.4 AIRAC 001-26
PECKY,PECKY,34.530278,-15.337778,R1 UN741 UN747,FRA (I) / NIL,AIP ENR 4.4 AIRAC 001-26
PELUS,PELUS,33.445278,-17.071111,UM190 UN747,FRA (I) / NIL,AIP ENR 4.4 AIRAC 001-26
PESAS,PESAS,37.036667,-7.383333,UN858,FRA (X): EVEN FL MADRID / LISBOA FIR BDRY,AIP ENR 4.4 AIRAC 001-26
PESEX,PESEX,38.592222,-9.236944,,"NIL / LISBOA TMA, Holding Pattern",AIP ENR 4.4 AIRAC 001-26
PESUL,PESUL,40.881944,-8.115000,UN726 W2,FRA (I) FRA (AD): LPPR,AIP ENR 4.4 AIRAC 001-26
PETEK,PETEK,42.678889,-12.000000,,FRA (X): EVEN FL FRA (E): ODD FL MADRID / LISBOA FIR BDRY,AIP ENR 4.4 AIRAC 001-26
PETUD,PETUD,37.498611,-25.805556,,"NIL / SANTA MARIA TMA, Holding Pattern",AIP ENR 4.4 AIRAC 001-26
PEVAP,PEVAP,35.246944,-14.818333,,NIL / MADEIRA CONTINGENCY,AIP ENR 4.4 AIRAC 001-26
PIBIL,PIBIL,30.000000,-23.000000,,NIL / CANARIAS / SANTA MARIA FIR BDRY,AIP ENR 4.4 AIRAC 001-26
PIGOR,PIGOR,39.467222,-13.821389,UZ22 UZ23,FRA (I) / NIL,AIP ENR 4.4 AIRAC 001-26
PIKIX,PIKIX,38.777500,-28.533889,,"NIL / SANTA MARIA TMA, Holding Pattern",AIP ENR 4.4 AIRAC 001-26
PILIM,PILIM,32.854167,-16.591389,,FRA (I) FRA (D): LPMA,AIP ENR 4.4 AIRAC 001-26
PINEK,PINEK,41.851111,-8.597778,UP600 22-JAN-2026 ATS route o other route 3,"FRA (X): EVEN FL FRA (E): ODD FL TCP MADRID / LISBOA ACC, Above FL245 © NAV Portugal, E.P.E. ENR 4.4 - 15 22-JAN-2026 Remarks / Usage Legend for FRA Relevance: r (E) Horizontal entry point; (X) Horizontal exit point; (I) Intermediate point; (A) Arrival connecting point; (D) Departure connection point. 4",AIP ENR 4.4 AIRAC 001-26
PINOX,PINOX,40.290556,-7.109167,G52UN745 UZ15,FRA (I) / NIL,AIP ENR 4.4 AIRAC 001-26
PIREN,PIREN,36.833333,-7.383333,UZ5 W1,FRA (EX) FRA (X): EVEN FL LISBOA / MADRID FIR BDRY,AIP ENR 4.4 AIRAC 001-26
PIXED,PIXED,24.000000,-25.000000,,NIL / CANARIAS / SAL / SANTA MARIA FIR BDRY,AIP ENR 4.4 AIRAC 001-26
PODEL,PODEL,37.616944,-25.699722,,NIL / NIL,AIP ENR 4.4 AIRAC 001-26
PORTA,PORTA,39.330000,-7.302500,B60UN873,FRA (I) / MADRID UIR / LISBOA FIR BDRY,AIP ENR 4.4 AIRAC 001-26
RAKOD,RAKOD,39.780833,-6.628611,,FRA (I) / NIL,AIP ENR 4.4 AIRAC 001-26
RAKUN,RAKUN,33.556944,-15.781389,B18 UN975,"FRA (I) FRA (A): LPMA, LPPS",AIP ENR 4.4 AIRAC 001-26
RALUS,RALUS,41.936667,-7.116389,UN872 H406 UZ406,NIL / MADRID UIR / LISBOA FIR BDRY,AIP ENR 4.4 AIRAC 001-26
RARUR,RARUR,39.665556,-8.492778,,FRA (I) / NIL,AIP ENR 4.4 AIRAC 001-26
REDSO,REDSO,37.648056,-25.795278,,NIL / NIL,AIP ENR 4.4 AIRAC 001-26
REGLA,REGLA,38.855278,-26.138889,H121,"NIL / SANTA MARIA TMA, EXIT SID LPLA",AIP ENR 4.4 AIRAC 001-26
RELKU,RELKU,38.416944,-9.460833,,FRA (I) / NIL,AIP ENR 4.4 AIRAC 001-26
RELVA,RELVA,41.852778,-8.597500,A5,NIL / NIL,AIP ENR 4.4 AIRAC 001-26
RETEN,RETEN,43.000000,-13.000000,,FRA (EX): ODD / EVEN FL SANTA MARIA / LISBOA / MADRID FIR BDRY,AIP ENR 4.4 AIRAC 001-26
RETMO,RETMO,41.227778,-9.013889,,FRA (I) / Holding Pattern,AIP ENR 4.4 AIRAC 001-26
RIMIV,RIMIV,34.171111,-15.594167,,NIL / MADEIRA CONTINGENCY,AIP ENR 4.4 AIRAC 001-26
RINOR,RINOR,39.210278,-8.791111,,FRA (I) / Holding Pattern,AIP ENR 4.4 AIRAC 001-26
RIPEL,RIPEL,42.283056,-10.816111,UP47,FRA (X): EVEN FL FRA (E): ODD FL MADRID/LISBOA FIR BDRY,AIP ENR 4.4 AIRAC 001-26
RIPOD,RIPOD,30.000000,-24.000000,,NIL / CANARIAS / SANTA MARIA FIR BDRY,AIP ENR 4.4 AIRAC 001-26
RITUS,RITUS,41.823611,-8.199444,UN726,FRA (E): ODD FL MADRID/LISBOA FIR BDRY,AIP ENR 4.4 AIRAC 001-26
RIVRO,RIVRO,40.622778,-6.722778,B47 G52 UM191 UN745,FRA (I) / NIL,AIP ENR 4.4 AIRAC 001-26
RODAP,RODAP,39.632500,-7.065278,NIL N-2026 Rema Lege ATS route or (E) other route exit Arri conn 3,FRA (I) / NIL AIRAC 001-26 AIP PORTUGAL rks / Usage nd for FRA Relevance: Horizontal entry point; (X) Horizontal point; (I) Intermediate point; (A) val connecting point; (D) Departure ection point. 4,AIP ENR 4.4 AIRAC 001-26
RODAS,RODAS,37.772500,-25.992778,,NIL / NIL,AIP ENR 4.4 AIRAC 001-26
RODIL,RODIL,38.078889,-27.606667,H101,"NIL / SANTA MARIA TMA EXIT SID, ENTRY STAR LPAZ",AIP ENR 4.4 AIRAC 001-26
ROFIG,ROFIG,39.611111,-30.777778,,NIL / SANTA MARIA TMA EXIT SID LPCR,AIP ENR 4.4 AIRAC 001-26
ROKOB,ROKOB,38.853056,-9.097500,,NIL / LISBOA TMA,AIP ENR 4.4 AIRAC 001-26
ROKTE,ROKTE,36.582778,-8.338611,,FRA (I) / NIL,AIP ENR 4.4 AIRAC 001-26
ROLAR,ROLAR,34.211389,-15.205833,UZ11 UZ14,FRA (I) / NIL,AIP ENR 4.4 AIRAC 001-26
ROMEP,ROMEP,39.065278,-8.720556,,FRA (I) / NIL,AIP ENR 4.4 AIRAC 001-26
ROTBU,ROTBU,39.196389,-9.159167,,FRA (I) / NIL,AIP ENR 4.4 AIRAC 001-26
RUKAV,RUKAV,22.176944,-28.538056,,NIL / SANTA MARIA FIR BDRY / SAL FIR,AIP ENR 4.4 AIRAC 001-26
RULET,RULET,34.251667,-14.915556,B18 UN745 UN975,FRA (I) / NIL,AIP ENR 4.4 AIRAC 001-26
RULOX,RULOX,38.900000,-10.000000,,FRA (I) / Holding Pattern,AIP ENR 4.4 AIRAC 001-26
RUPEP,RUPEP,35.538611,-15.714444,,NIL / MADEIRA CONTINGENCY,AIP ENR 4.4 AIRAC 001-26
RUWIB,RUWIB,37.057222,-8.269167,,FRA (I) / Holding pattern,AIP ENR 4.4 AIRAC 001-26
SIPRU,SIPRU,39.180000,-27.889444,H125,NIL / NIL,AIP ENR 4.4 AIRAC 001-26
SOLGI,SOLGI,38.625000,-28.032778,H115 H123,"NIL / SANTA MARIA TMA, Holding Pattern ENTRY STAR LPHR",AIP ENR 4.4 AIRAC 001-26
SOMUL,SOMUL,38.222500,-27.316944,H114,"NIL / SANTA MARIA TMA EXIT SID, ENTRY STAR LPPD",AIP ENR 4.4 AIRAC 001-26
SONAP,SONAP,36.500000,-10.000000,,FRA (I) / NIL,AIP ENR 4.4 AIRAC 001-26
SOPOP,SOPOP,40.440000,-12.386667,T12 UZ25,FRA (I) / NIL,AIP ENR 4.4 AIRAC 001-26
SORAD,SORAD,30.000000,-25.000000,,NIL / CANARIAS / SANTA MARIA FIR BDRY,AIP ENR 4.4 AIRAC 001-26
SOTEX,SOTEX,38.292778,-8.220000,UN873 UP600 UZ223 W7,FRA (I) FRA (AD): LPFR,AIP ENR 4.4 AIRAC 001-26
SUBAL,SUBAL,35.546389,-12.312500,,FRA (X): ODD FL / EASTBOUND FRA (E): EVEN FL / WESTBOUND LISBOA / CASABLANCA FIR BDRY,AIP ENR 4.4 AIRAC 001-26
SUFAS,SUFAS,39.092500,-30.352500,NIL 22-JAN-2026 ATS route other rout 3,"NIL / SANTA MARIA TMA, ENTRY STAR LPFL © NAV Portugal, E.P.E. ENR 4.4 - 17 22-JAN-2026 Remarks / Usage Legend for FRA Relevance: or (E) Horizontal entry point; (X) Horizontal e exit point; (I) Intermediate point; (A) Arrival connecting point; (D) Departure connection point. 4",AIP ENR 4.4 AIRAC 001-26
SUNES,SUNES,37.307500,-9.000000,UN873,FRA (I) / NIL,AIP ENR 4.4 AIRAC 001-26
SUPIK,SUPIK,37.920833,-26.059444,,NIL / NIL,AIP ENR 4.4 AIRAC 001-26
TABAX,TABAX,38.157222,-13.749167,UM744,FRA (I) / NIL,AIP ENR 4.4 AIRAC 001-26
TACAT,TACAT,38.760278,-27.091389,,NIL / LPLA Holding Pattern,AIP ENR 4.4 AIRAC 001-26
TAGUX,TAGUX,38.945556,-7.914167,A975 R72 UN726 UN975,FRA (I) / NIL,AIP ENR 4.4 AIRAC 001-26
TAKAV,TAKAV,35.966667,-9.371944,,FRA (X): ODD FL / SOUTHBOUND FRA (E): EVEN FL / NORTHBOUND LISBOA / CASABLANCA FIR BDRY,AIP ENR 4.4 AIRAC 001-26
TEGTO,TEGTO,20.960278,-30.771389,,NIL / SANTA MARIA FIR BDRY / SAL FIR,AIP ENR 4.4 AIRAC 001-26
TELMU,TELMU,35.637778,-14.530556,UN741 UP47,FRA (I) / NIL,AIP ENR 4.4 AIRAC 001-26
TERVA,TERVA,40.416667,-9.591111,,FRA (I) / NIL,AIP ENR 4.4 AIRAC 001-26
TIDVI,TIDVI,38.124167,-26.151389,,NIL / NIL,AIP ENR 4.4 AIRAC 001-26
TIGGI,TIGGI,35.966667,-10.935556,,FRA (E): EVEN FL / NORTHBOUND LISBOA / CASABLANCA FIR BDRY,AIP ENR 4.4 AIRAC 001-26
TIMTO,TIMTO,38.387778,-27.321389,H115,"NIL / SANTA MARIA TMA, EXIT SID LPPD, ENTRY STAR LPPI, ENTRY STAR LPSJ",AIP ENR 4.4 AIRAC 001-26
TIRKO,TIRKO,38.845556,-27.178333,,NIL / NIL,AIP ENR 4.4 AIRAC 001-26
TOFEF,TOFEF,39.528889,-7.366389,UN870 UZ15,FRA (I) MADRID UIR / LISBOA FIR BDRY,AIP ENR 4.4 AIRAC 001-26
TOPVI,TOPVI,38.918611,-9.062500,,NIL / NIL,AIP ENR 4.4 AIRAC 001-26
TORVU,TORVU,34.652778,-14.003611,,NIL / MADEIRA CONTINGENCY,AIP ENR 4.4 AIRAC 001-26
TOSDI,TOSDI,40.990833,-6.288611,,"FRA (X): EVEN FL LECM FIR, TCP MADRID / LISBOA ACC, Above FL245",AIP ENR 4.4 AIRAC 001-26
TOVBA,TOVBA,41.454444,-8.981111,,FRA (I) / NIL,AIP ENR 4.4 AIRAC 001-26
TROIA,TROIA,38.073333,-8.879167,A5,FRA (I) / NIL,AIP ENR 4.4 AIRAC 001-26
TUNAV,TUNAV,39.315000,-11.373611,UN728,FRA (I) / NIL,AIP ENR 4.4 AIRAC 001-26
TUPIX,TUPIX,37.076111,-7.383333,,FRA (EX) FRA (AD): LPFR MADRID / LISBOA FIR BDRY,AIP ENR 4.4 AIRAC 001-26
TURON,TURON,42.068056,-8.563333,A5 UP600 N-2026 Remar Legen ATS route or (E) H other route exit Arriv conne 3,NIL / LISBOA/MADRID FIR BDRY AIRAC 001-26 AIP PORTUGAL ks / Usage d for FRA Relevance: orizontal entry point; (X) Horizontal point; (I) Intermediate point; (A) al connecting point; (D) Departure ction point. 4,AIP ENR 4.4 AIRAC 001-26
TUSEX,TUSEX,37.823611,-26.093056,,"NIL / SANTA MARIA TMA, Holding Pattern, ENTRY STAR LPPD",AIP ENR 4.4 AIRAC 001-26
TUTLO,TUTLO,17.000000,-37.500000,,NIL / SANTA MARIA / PIARCO / SAL / DAKAR FIR BDRY,AIP ENR 4.4 AIRAC 001-26
TUXIV,TUXIV,33.720556,-17.640833,,NIL / MADEIRA CONTINGENCY,AIP ENR 4.4 AIRAC 001-26
UBANI,UBANI,41.557778,-9.239444,,FRA (I) FRA (AD): LPPR,AIP ENR 4.4 AIRAC 001-26
UBESO,UBESO,36.747500,-7.813889,,FRA (I) / NIL,AIP ENR 4.4 AIRAC 001-26
UDRUB,UDRUB,41.424167,-8.727500,,FRA (I) / NIL,AIP ENR 4.4 AIRAC 001-26
ULTEM,ULTEM,21.496111,-29.800000,,NIL / SANTA MARIA / SAL FIR BDRY,AIP ENR 4.4 AIRAC 001-26
ULTIT,ULTIT,38.532222,-9.205000,,FRA (I) / NIL,AIP ENR 4.4 AIRAC 001-26
ULVAX,ULVAX,41.004167,-7.834444,,FRA (I) / Holding Pattern,AIP ENR 4.4 AIRAC 001-26
ULVOT,ULVOT,37.624444,-9.989722,,FRA (ID): LPPT,AIP ENR 4.4 AIRAC 001-26
UNPOT,UNPOT,38.179444,-10.000000,,FRA (I) / Holding Pattern,AIP ENR 4.4 AIRAC 001-26
UPKAT,UPKAT,38.966389,-9.036667,,"NIL / LISBOA TMA, Holding Pattern",AIP ENR 4.4 AIRAC 001-26
UPULO,UPULO,39.043889,-7.651944,,"FRA (IA): LPPT, LPCS / Holding Pattern",AIP ENR 4.4 AIRAC 001-26
UPZET,UPZET,39.010556,-27.130833,,NIL / LPLA Holding Pattern,AIP ENR 4.4 AIRAC 001-26
URATU,URATU,36.696111,-25.153889,,"NIL / SANTA MARIA TMA, Holding Pattern",AIP ENR 4.4 AIRAC 001-26
UREDI,UREDI,39.859722,-6.393333,,"FRA (X): EVEN FL LECM FIR TCP MADRID / LISBOA ACC, Above FL245",AIP ENR 4.4 AIRAC 001-26
USALU,USALU,37.222222,-8.300278,Y101 Y102,FRA (I) FRA (A): LPFR / Holding Pattern,AIP ENR 4.4 AIRAC 001-26
VABEM,VABEM,36.549167,-13.322778,UN728 UN981,FRA (I) / NIL,AIP ENR 4.4 AIRAC 001-26
VACKA,VACKA,39.240278,-30.265556,,"NIL / SANTA MARIA TMA, ENTRY STAR LPCR, EXIT SID LPFL",AIP ENR 4.4 AIRAC 001-26
VAGAR,VAGAR,38.501944,-9.498889,,FRA (I) / NIL,AIP ENR 4.4 AIRAC 001-26
VAPOV,VAPOV,39.560278,-30.867500,,"NIL / SANTA MARIA TMA, ENTRY STAR LPFL",AIP ENR 4.4 AIRAC 001-26
VASIP,VASIP,41.555000,-8.376111,,FRA (I) / Holding Pattern,AIP ENR 4.4 AIRAC 001-26
VATZI,VATZI,37.597778,-8.863056,NIL 19-MAR-2026 ATS route o other route 3,"FRA (IA): LPPT, LPCS / Holding Pattern © NAV Portugal, E.P.E. ENR 4.4 - 19 19-MAR-2026 Remarks / Usage Legend for FRA Relevance: r (E) Horizontal entry point; (X) Horizontal exit point; (I) Intermediate point; (A) Arrival connecting point; (D) Departure connection point. 4",AIP ENR 4.4 AIRAC 001-26
VEDEL,VEDEL,39.857500,-12.670000,UZ23,FRA (I) / NIL,AIP ENR 4.4 AIRAC 001-26
VELAS,VELAS,38.658889,-28.358611,,"NIL / SANTA MARIA TMA, Holding Pattern, EXIT SID LPHR",AIP ENR 4.4 AIRAC 001-26
VEPOP,VEPOP,19.367500,-33.567500,,NIL / SANTA MARIA / SAL FIR BDRY,AIP ENR 4.4 AIRAC 001-26
VERAM,VERAM,36.772500,-13.675278,R1 UN741 UZ11,FRA (I) / NIL,AIP ENR 4.4 AIRAC 001-26
VESOB,VESOB,39.132222,-27.797500,,"NIL / SANTA MARIA TMA, EXIT SID LPGR",AIP ENR 4.4 AIRAC 001-26
VIBOC,VIBOC,39.029167,-27.371667,,NIL / LPLA Holding Pattern,AIP ENR 4.4 AIRAC 001-26
VOROC,VOROC,38.783889,-27.104444,,NIL / LPLA Holding Pattern,AIP ENR 4.4 AIRAC 001-26
XAMAX,XAMAX,40.031111,-8.536111,A5,"FRA (I) FRA (A): LPPT, LPCS / Holding Pattern",AIP ENR 4.4 AIRAC 001-26
XANEL,XANEL,39.403056,-12.203611,UM190,FRA (I) / NIL,AIP ENR 4.4 AIRAC 001-26
XAPAS,XAPAS,37.597222,-7.950000,R72 Y102,FRA (I) FRA (D): LPFR,AIP ENR 4.4 AIRAC 001-26
XAPIM,XAPIM,41.078056,-8.636667,,FRA (I) / NIL,AIP ENR 4.4 AIRAC 001-26
XEGEN,XEGEN,32.316389,-16.016111,,NIL / MADEIRA CONTINGENCY,AIP ENR 4.4 AIRAC 001-26
XEMIC,XEMIC,39.619444,-30.881667,,"NIL / SANTA MARIA TMA, EXIT SID LPCR",AIP ENR 4.4 AIRAC 001-26
XERES,XERES,42.023889,-10.068056,UM190 UN981,FRA (X): EVEN FL FRA (E): ODD FL MADRID / LISBOA FIR BDRY,AIP ENR 4.4 AIRAC 001-26
XERON,XERON,32.381389,-16.943611,,NIL / MADEIRA CONTINGENCY,AIP ENR 4.4 AIRAC 001-26
XETOS,XETOS,38.692222,-26.798333,,NIL / LPLA Holding Pattern,AIP ENR 4.4 AIRAC 001-26
XIBOT,XIBOT,18.254167,-35.446667,,NIL / SANTA MARIA / SAL FIR BDRY,AIP ENR 4.4 AIRAC 001-26
XOGRA,XOGRA,38.403333,-29.021389,,"NIL- / SANTA MARIA TMA, Holding Pattern",AIP ENR 4.4 AIRAC 001-26
XORVU,XORVU,39.630556,-30.651944,,"NIL / SANTA MARIA TMA, Holding Pattern",AIP ENR 4.4 AIRAC 001-26
XUVAP,XUVAP,37.589167,-25.216944,,"NIL / SANTA MARIA TMA, Holding Pattern, EXIT SID LPAZ, ENTRY STAR LPPD",AIP ENR 4.4 AIRAC 001-26
YARMA,YARMA,39.420278,-30.931111,,"NIL / SANTA MARIA TMA, EXIT SID LPFL",AIP ENR 4.4 AIRAC 001-26
YEGGO,YEGGO,36.789722,-25.135000,NIL 22-JAN-2026 ATS es oth,"NIL / SANTA MARIA TMA, EXIT SID LPAZ AIRAC 002-26 AIP PORTUGAL Remarks / Usage Legend for FRA Relevance: route or (E) Horizontal entry point; (X) Horizontal er route exit point; (I) Intermediate point; (A) Arrival connecting point; (D) Departure connection point. 3 4",AIP ENR 4.4 AIRAC 001-26
YETSI,YETSI,38.321667,-8.895278,,NIL / LPPT Holding Pattern,AIP ENR 4.4 AIRAC 001-26
ZACRA,ZACRA,38.346667,-9.106389,,FRA (I) / NIL,AIP ENR 4.4 AIRAC 001-26
ZAMOQ,ZAMOQ,37.953056,-25.928333,,"NIL / SANTA MARIA TMA, EXIT SID LPPD",AIP ENR 4.4 AIRAC 001-26
ZANEV,ZANEV,38.611389,-28.949722,,"NIL / SANTA MARIA TMA, EXIT SID LPHR",AIP ENR 4.4 AIRAC 001-26
ZEDRE,ZEDRE,39.617778,-31.176389,,"NIL / SANTA MARIA TMA, EXIT SID LPCR",AIP ENR 4.4 AIRAC 001-26
ZENGI,ZENGI,39.461944,-30.221111,,"NIL / SANTA MARIA TMA, ENTRY STAR LPCR, EXIT SID LPFL",AIP ENR 4.4 AIRAC 001-26
ZEFFI,ZEFFI,38.362500,-9.357778,,NIL / NIL,AIP ENR 4.4 AIRAC 001-26
ZEZZU,ZEZZU,38.634722,-9.322222,,NIL / NIL,AIP ENR 4.4 AIRAC 001-26
ZIFOG,ZIFOG,38.696389,-10.671111,,"FRA (ID): LPPT, LPCS",AIP ENR 4.4 AIRAC 001-26
ZUPAZ,ZUPAZ,36.962778,-25.166389,,"NIL / SANTA MARIA TMA, ENTRY STAR LPPD © NAV Portugal, E.P.E.",AIP ENR 4.4 AIRAC 001-26
